{
    "__createdwith": "opl's Model Creator",
    "ambientocclusion": false,
    "textures": {
        "particle": "block/dark_oak_door_top",
        "edge": "block/dark_oak_door_edge",
        "back": "block/dark_oak_door_top",
        "front": "block/dark_oak_door_top-rh"
    },
    "elements": [
        {
            "from": [0,0,14],
            "to": [3,16,16],
            "faces": {
                "up": {
                    "texture": "#edge"
                },
                "west": {
                    "texture": "#front",
                    "cullface": "west"
                },
                "east": {
                    "uv": [0,0,2,16],
                    "texture": "#back"
                },
                "north": {
                    "uv": [15.5,0.0,12.5,16.0],
                    "texture": "#edge"
                },
                "south": {
                    "uv": [13.5625,0.0,15.75,15.75],
                    "texture": "#edge"
                }
            }
        },
        {
            "from": [0,14,2],
            "to": [3,16,14],
            "faces": {
                "up": {
                    "uv": [2.5,1.5,13.5,3.5],
                    "texture": "#edge",
                    "cullface": "up",
                    "rotation": 90
                },
                "down": {
                    "uv": [14.0,0.0,2.0,3.0],
                    "texture": "#edge",
                    "rotation": 90
                },
                "west": {
                    "texture": "#front",
                    "cullface": "west"
                },
                "east": {
                    "texture": "#back"
                }
            }
        },
        {
            "from": [0,0,2],
            "to": [3,1,14],
            "faces": {
                "up": {
                    "uv": [2.5,13.5,13.5,15.75],
                    "texture": "#edge",
                    "rotation": 90
                },
                "west": {
                    "texture": "#front"
                },
                "east": {
                    "texture": "#back"
                }
            }
        },
        {
            "from": [0,0,0],
            "to": [3,16,2],
            "faces": {
                "up": {
                    "texture": "#edge"
                },
                "west": {
                    "texture": "#front"
                },
                "east": {
                    "uv": [14,0,16,16],
                    "texture": "#back"
                },
                "north": {
                    "uv": [13.5,0.0,15.75,15.75],
                    "texture": "#edge"
                },
                "south": {
                    "uv": [13.5,0.0,15.75,15.75],
                    "texture": "#edge"
                }
            }
        },
        {
            "from": [0,1,7],
            "to": [3,14,9],
            "faces": {
                "west": {
                    "texture": "#front"
                },
                "east": {
                    "texture": "#back"
                },
                "north": {
                    "uv": [7.5,9.5,8.5,13.5],
                    "texture": "#edge"
                },
                "south": {
                    "uv": [7.5,9.5,8.5,13.5],
                    "texture": "#edge"
                }
            }
        },
        {
            "from": [-0.25,1,9],
            "to": [3.25,14,14],
            "faces": {
                "up": {
                    "uv": [2.125,8.375,5.625,13.375],
                    "texture": "#edge"
                },
                "down": {
                    "uv": [3.5,7.1875,7.0,12.1875],
                    "texture": "#edge"
                },
                "west": {
                    "texture": "#front"
                },
                "east": {
                    "uv": [2,2,7,15],
                    "texture": "#back"
                },
                "north": {
                    "texture": "#edge"
                },
                "south": {
                    "uv": [0.375,0.625,3.875,13.625],
                    "texture": "#edge"
                }
            }
        },
        {
            "from": [-0.25,1,2],
            "to": [3.25,14,7],
            "faces": {
                "up": {
                    "uv": [2.125,8.375,5.625,13.375],
                    "texture": "#edge"
                },
                "down": {
                    "uv": [3.5,7.1875,7.0,12.1875],
                    "texture": "#edge"
                },
                "west": {
                    "texture": "#front"
                },
                "east": {
                    "uv": [9,2,14,15],
                    "texture": "#back"
                },
                "north": {
                    "texture": "#edge"
                },
                "south": {
                    "uv": [0.375,0.625,3.875,13.625],
                    "texture": "#edge"
                }
            }
        },
        {
            "from": [-1,0.5,1],
            "to": [0,1.5,3],
            "faces": {
                "up": {
                    "uv": [1,14.5,3,15],
                    "texture": "#front",
                    "rotation": 90
                },
                "down": {
                    "uv": [3,15.5,1,15],
                    "texture": "#front",
                    "rotation": 270
                },
                "west": {
                    "texture": "#front"
                },
                "north": {
                    "uv": [2,14.5,1,15.5],
                    "texture": "#front"
                },
                "south": {
                    "uv": [3,14.5,2,15.5],
                    "texture": "#front"
                }
            }
        },
        {
            "from": [3,0.5,1],
            "to": [4,1.5,3],
            "faces": {
                "up": {
                    "uv": [13,14.5,15,15],
                    "texture": "#back",
                    "rotation": 90
                },
                "down": {
                    "uv": [15,15.5,13,15],
                    "texture": "#back",
                    "rotation": 270
                },
                "east": {
                    "uv": [13,14.5,15,15.5],
                    "texture": "#back"
                },
                "north": {
                    "uv": [14,14.5,13,15.5],
                    "texture": "#back"
                },
                "south": {
                    "uv": [14,14.5,13,15.5],
                    "texture": "#back"
                }
            }
        }
    ]
}
