{
	"credit": "Made with Blockbench",
	"textures": {
		"0": "block/jungle_trapdoor",
		"1": "block/jungle_trapdoor-edge",
		"particle": "block/jungle_trapdoor"
	},
	"elements": [
		{
			"from": [0, 0, 13],
			"to": [16, 16, 16],
			"faces": {
				"north": {"uv": [0, 16, 16, 0], "texture": "#0"},
				"east": {"uv": [0, 0, 16, 3], "rotation": 270, "texture": "#1"},
				"south": {"uv": [0, 0, 16, 16], "rotation": 180, "texture": "#0"},
				"west": {"uv": [0, 0, 16, 3], "rotation": 90, "texture": "#1"},
				"up": {"uv": [0, 0, 16, 3], "rotation": 180, "texture": "#1"},
				"down": {"uv": [16, 0, 0, 3], "texture": "#1"}
			}
		},
		{
			"from": [3, 7, 13],
			"to": [13, 9, 16],
			"faces": {
				"up": {"uv": [0, 0, 16, 3], "rotation": 180, "texture": "#1"},
				"down": {"uv": [13, 0, 3, 3], "texture": "#1"}
			}
		},
		{
			"from": [5, 2, 13],
			"to": [11, 3, 16],
			"faces": {
				"up": {"uv": [0, 0, 16, 3], "rotation": 180, "texture": "#1"}
			}
		},
		{
			"from": [5, 11.75, 13],
			"to": [11, 12.75, 16],
			"faces": {
				"down": {"uv": [12, 0, 4, 3], "texture": "#1"}
			}
		},
		{
			"from": [9, 3, 13],
			"to": [10, 12, 16],
			"faces": {
				"east": {"uv": [4, 0, 12, 3], "rotation": 270, "texture": "#1"},
				"west": {"uv": [4, 0, 12.75, 3], "rotation": 90, "texture": "#1"},
				"up": {"uv": [0, 0, 1, 2], "rotation": 180, "texture": "#1"},
				"down": {"uv": [0, 0, 1, 2], "texture": "#1"}
			}
		},
		{
			"from": [6, 3, 13],
			"to": [7, 12, 16],
			"faces": {
				"east": {"uv": [4, 0, 12, 3], "rotation": 270, "texture": "#1"},
				"west": {"uv": [4, 0, 12.75, 3], "rotation": 90, "texture": "#1"},
				"up": {"uv": [0, 0, 1, 2], "rotation": 180, "texture": "#1"},
				"down": {"uv": [0, 0, 1, 2], "texture": "#1"}
			}
		},
		{
			"from": [2, 6, 13],
			"to": [3, 7, 16],
			"faces": {
				"east": {"uv": [5.5, 0, 6.5, 3], "rotation": 270, "texture": "#1"},
				"west": {"uv": [0, 0, 1, 2], "rotation": 90, "texture": "#missing"},
				"up": {"uv": [0, 0, 1, 2], "rotation": 180, "texture": "#missing"},
				"down": {"uv": [0, 0, 1, 2], "texture": "#missing"}
			}
		},
		{
			"from": [2.25, 5.25, 13],
			"to": [3.25, 6.25, 16],
			"faces": {
				"east": {"uv": [5.5, 0, 6.5, 3], "rotation": 270, "texture": "#1"},
				"west": {"uv": [0, 0, 1, 2], "rotation": 90, "texture": "#missing"},
				"up": {"uv": [5.25, 0, 6.25, 3], "rotation": 180, "texture": "#1"},
				"down": {"uv": [0, 0, 1, 2], "texture": "#missing"}
			}
		},
		{
			"from": [2.5, 4.25, 13],
			"to": [3.5, 5.25, 16],
			"faces": {
				"east": {"uv": [5.5, 0, 6.5, 3], "rotation": 270, "texture": "#1"},
				"west": {"uv": [0, 0, 1, 2], "rotation": 90, "texture": "#missing"},
				"up": {"uv": [5.25, 0, 6.25, 3], "rotation": 180, "texture": "#1"},
				"down": {"uv": [0, 0, 1, 2], "texture": "#missing"}
			}
		},
		{
			"from": [2.75, 3.5, 13],
			"to": [3.75, 4.5, 16],
			"faces": {
				"east": {"uv": [5.5, 0, 6.5, 3], "rotation": 270, "texture": "#1"},
				"west": {"uv": [0, 0, 1, 2], "rotation": 90, "texture": "#missing"},
				"up": {"uv": [5.25, 0, 6.25, 3], "rotation": 180, "texture": "#1"},
				"down": {"uv": [0, 0, 1, 2], "texture": "#missing"}
			}
		},
		{
			"from": [3, 3, 13],
			"to": [4, 4, 16],
			"faces": {
				"east": {"uv": [5.5, 0, 6.5, 3], "rotation": 270, "texture": "#1"},
				"west": {"uv": [0, 0, 1, 2], "rotation": 90, "texture": "#missing"},
				"up": {"uv": [5.25, 0, 6.25, 3], "rotation": 180, "texture": "#1"},
				"down": {"uv": [0, 0, 1, 2], "texture": "#missing"}
			}
		},
		{
			"from": [3.25, 2.75, 13],
			"to": [4.25, 3.75, 16],
			"faces": {
				"east": {"uv": [5.5, 0, 6.5, 3], "rotation": 270, "texture": "#1"},
				"west": {"uv": [0, 0, 1, 2], "rotation": 90, "texture": "#missing"},
				"up": {"uv": [5.25, 0, 6.25, 3], "rotation": 180, "texture": "#1"},
				"down": {"uv": [0, 0, 1, 2], "texture": "#missing"}
			}
		},
		{
			"from": [3.75, 2.5, 13],
			"to": [4.75, 3.5, 16],
			"faces": {
				"east": {"uv": [5.5, 0, 6.5, 3], "rotation": 270, "texture": "#1"},
				"west": {"uv": [0, 0, 1, 2], "rotation": 90, "texture": "#missing"},
				"up": {"uv": [5.25, 0, 6.25, 3], "rotation": 180, "texture": "#1"},
				"down": {"uv": [0, 0, 1, 2], "texture": "#missing"}
			}
		},
		{
			"from": [4.5, 2.25, 13],
			"to": [5.5, 3.25, 16],
			"faces": {
				"east": {"uv": [5.5, 0, 6.5, 3], "rotation": 270, "texture": "#1"},
				"west": {"uv": [0, 0, 1, 2], "rotation": 90, "texture": "#missing"},
				"up": {"uv": [5.25, 0, 6.25, 3], "rotation": 180, "texture": "#1"},
				"down": {"uv": [0, 0, 1, 2], "texture": "#missing"}
			}
		},
		{
			"from": [13, 6, 13],
			"to": [14, 7, 16],
			"faces": {
				"east": {"uv": [0, 0, 1, 2], "rotation": 270, "texture": "#missing"},
				"west": {"uv": [5.5, 0, 6.5, 3], "rotation": 90, "texture": "#1"},
				"up": {"uv": [0, 0, 1, 2], "rotation": 180, "texture": "#missing"},
				"down": {"uv": [0, 0, 1, 2], "texture": "#missing"}
			}
		},
		{
			"from": [12.75, 5.25, 13],
			"to": [13.75, 6.25, 16],
			"faces": {
				"east": {"uv": [0, 0, 1, 2], "rotation": 270, "texture": "#missing"},
				"west": {"uv": [5.25, 0, 6.25, 3], "rotation": 90, "texture": "#1"},
				"up": {"uv": [5.5, 0, 6.5, 3], "rotation": 180, "texture": "#1"},
				"down": {"uv": [0, 0, 1, 2], "texture": "#missing"}
			}
		},
		{
			"from": [12.5, 4.25, 13],
			"to": [13.5, 5.25, 16],
			"faces": {
				"east": {"uv": [0, 0, 1, 2], "rotation": 270, "texture": "#missing"},
				"west": {"uv": [5.25, 0, 6.25, 3], "rotation": 90, "texture": "#1"},
				"up": {"uv": [5.5, 0, 6.5, 3], "rotation": 180, "texture": "#1"},
				"down": {"uv": [0, 0, 1, 2], "texture": "#missing"}
			}
		},
		{
			"from": [12.25, 3.5, 13],
			"to": [13.25, 4.5, 16],
			"faces": {
				"east": {"uv": [0, 0, 1, 2], "rotation": 270, "texture": "#missing"},
				"west": {"uv": [5.25, 0, 6.25, 3], "rotation": 90, "texture": "#1"},
				"up": {"uv": [5.5, 0, 6.5, 3], "rotation": 180, "texture": "#1"},
				"down": {"uv": [0, 0, 1, 2], "texture": "#missing"}
			}
		},
		{
			"from": [12, 3, 13],
			"to": [13, 4, 16],
			"faces": {
				"east": {"uv": [0, 0, 1, 2], "rotation": 270, "texture": "#missing"},
				"west": {"uv": [5.25, 0, 6.25, 3], "rotation": 90, "texture": "#1"},
				"up": {"uv": [5.5, 0, 6.5, 3], "rotation": 180, "texture": "#1"},
				"down": {"uv": [0, 0, 1, 2], "texture": "#missing"}
			}
		},
		{
			"from": [11.75, 2.75, 13],
			"to": [12.75, 3.75, 16],
			"faces": {
				"east": {"uv": [0, 0, 1, 2], "rotation": 270, "texture": "#missing"},
				"west": {"uv": [5.25, 0, 6.25, 3], "rotation": 90, "texture": "#1"},
				"up": {"uv": [5.5, 0, 6.5, 3], "rotation": 180, "texture": "#1"},
				"down": {"uv": [0, 0, 1, 2], "texture": "#missing"}
			}
		},
		{
			"from": [11.25, 2.5, 13],
			"to": [12.25, 3.5, 16],
			"faces": {
				"east": {"uv": [0, 0, 1, 2], "rotation": 270, "texture": "#missing"},
				"west": {"uv": [5.25, 0, 6.25, 3], "rotation": 90, "texture": "#1"},
				"up": {"uv": [5.5, 0, 6.5, 3], "rotation": 180, "texture": "#1"},
				"down": {"uv": [0, 0, 1, 2], "texture": "#missing"}
			}
		},
		{
			"from": [10.5, 2.25, 13],
			"to": [11.5, 3.25, 16],
			"faces": {
				"east": {"uv": [0, 0, 1, 2], "rotation": 90, "texture": "#missing"},
				"west": {"uv": [5.5, 0, 6.5, 3], "rotation": 270, "texture": "#1"},
				"up": {"uv": [5.25, 0, 6.25, 3], "texture": "#1"},
				"down": {"uv": [0, 0, 1, 2], "rotation": 180, "texture": "#missing"}
			}
		},
		{
			"from": [4.75, 11.5, 13],
			"to": [5.75, 12.5, 16],
			"faces": {
				"east": {"uv": [5.25, 0, 6.25, 3], "rotation": 270, "texture": "#1"},
				"west": {"uv": [0, 0, 1, 3], "rotation": 90, "texture": "#missing"},
				"up": {"uv": [0, 0, 1, 3], "rotation": 180, "texture": "#missing"},
				"down": {"uv": [5, 0, 6, 3], "texture": "#1"}
			}
		},
		{
			"from": [4.25, 11.25, 13],
			"to": [5.25, 12.25, 16],
			"faces": {
				"east": {"uv": [5.25, 0, 6.25, 3], "rotation": 270, "texture": "#1"},
				"west": {"uv": [0, 0, 1, 3], "rotation": 90, "texture": "#missing"},
				"up": {"uv": [0, 0, 1, 3], "rotation": 180, "texture": "#missing"},
				"down": {"uv": [5, 0, 6, 3], "texture": "#1"}
			}
		},
		{
			"from": [4, 11, 13],
			"to": [5, 12, 16],
			"faces": {
				"east": {"uv": [5.25, 0, 6.25, 3], "rotation": 270, "texture": "#1"},
				"west": {"uv": [0, 0, 1, 3], "rotation": 90, "texture": "#missing"},
				"up": {"uv": [0, 0, 1, 3], "rotation": 180, "texture": "#missing"},
				"down": {"uv": [5, 0, 6, 3], "texture": "#1"}
			}
		},
		{
			"from": [3.75, 10.75, 13],
			"to": [4.75, 11.75, 16],
			"faces": {
				"east": {"uv": [5.25, 0, 6.25, 3], "rotation": 270, "texture": "#1"},
				"west": {"uv": [0, 0, 1, 3], "rotation": 90, "texture": "#missing"},
				"up": {"uv": [0, 0, 1, 3], "rotation": 180, "texture": "#missing"},
				"down": {"uv": [5, 0, 6, 3], "texture": "#1"}
			}
		},
		{
			"from": [3.5, 10.25, 13],
			"to": [4.5, 11.25, 16],
			"faces": {
				"east": {"uv": [5.25, 0, 6.25, 3], "rotation": 270, "texture": "#1"},
				"west": {"uv": [0, 0, 1, 3], "rotation": 90, "texture": "#missing"},
				"up": {"uv": [0, 0, 1, 3], "rotation": 180, "texture": "#missing"},
				"down": {"uv": [5, 0, 6, 3], "texture": "#1"}
			}
		},
		{
			"from": [3.25, 9.5, 13],
			"to": [4.25, 10.5, 16],
			"faces": {
				"east": {"uv": [5.25, 0, 6.25, 3], "rotation": 270, "texture": "#1"},
				"west": {"uv": [0, 0, 1, 3], "rotation": 90, "texture": "#missing"},
				"up": {"uv": [0, 0, 1, 3], "rotation": 180, "texture": "#missing"},
				"down": {"uv": [5, 0, 6, 3], "texture": "#1"}
			}
		},
		{
			"from": [3, 8.5, 13],
			"to": [4, 9.5, 16],
			"faces": {
				"east": {"uv": [5.25, 0, 6.25, 3], "rotation": 270, "texture": "#1"},
				"west": {"uv": [0, 0, 1, 3], "rotation": 90, "texture": "#missing"},
				"up": {"uv": [0, 0, 1, 3], "rotation": 180, "texture": "#missing"},
				"down": {"uv": [5, 0, 6, 3], "texture": "#1"}
			}
		},
		{
			"from": [10.25, 11.5, 13],
			"to": [11.25, 12.5, 16],
			"faces": {
				"east": {"uv": [0, 0, 1, 3], "rotation": 270, "texture": "#missing"},
				"west": {"uv": [5, 0, 6, 3], "rotation": 90, "texture": "#1"},
				"up": {"uv": [0, 0, 1, 3], "rotation": 180, "texture": "#missing"},
				"down": {"uv": [5.25, 0, 6.25, 3], "texture": "#1"}
			}
		},
		{
			"from": [10.75, 11.25, 13],
			"to": [11.75, 12.25, 16],
			"faces": {
				"east": {"uv": [0, 0, 1, 3], "rotation": 270, "texture": "#missing"},
				"west": {"uv": [5, 0, 6, 3], "rotation": 90, "texture": "#1"},
				"up": {"uv": [0, 0, 1, 3], "rotation": 180, "texture": "#missing"},
				"down": {"uv": [5.25, 0, 6.25, 3], "texture": "#1"}
			}
		},
		{
			"from": [11, 11, 13],
			"to": [12, 12, 16],
			"faces": {
				"east": {"uv": [0, 0, 1, 3], "rotation": 270, "texture": "#missing"},
				"west": {"uv": [5, 0, 6, 3], "rotation": 90, "texture": "#1"},
				"up": {"uv": [0, 0, 1, 3], "rotation": 180, "texture": "#missing"},
				"down": {"uv": [5.25, 0, 6.25, 3], "texture": "#1"}
			}
		},
		{
			"from": [11.25, 10.75, 13],
			"to": [12.25, 11.75, 16],
			"faces": {
				"east": {"uv": [0, 0, 1, 3], "rotation": 270, "texture": "#missing"},
				"west": {"uv": [5, 0, 6, 3], "rotation": 90, "texture": "#1"},
				"up": {"uv": [0, 0, 1, 3], "rotation": 180, "texture": "#missing"},
				"down": {"uv": [5.25, 0, 6.25, 3], "texture": "#1"}
			}
		},
		{
			"from": [11.5, 10.25, 13],
			"to": [12.5, 11.25, 16],
			"faces": {
				"east": {"uv": [0, 0, 1, 3], "rotation": 270, "texture": "#missing"},
				"west": {"uv": [5, 0, 6, 3], "rotation": 90, "texture": "#1"},
				"up": {"uv": [0, 0, 1, 3], "rotation": 180, "texture": "#missing"},
				"down": {"uv": [5.25, 0, 6.25, 3], "texture": "#1"}
			}
		},
		{
			"from": [11.75, 9.5, 13],
			"to": [12.75, 10.5, 16],
			"faces": {
				"east": {"uv": [0, 0, 1, 3], "rotation": 270, "texture": "#missing"},
				"west": {"uv": [5, 0, 6, 3], "rotation": 90, "texture": "#1"},
				"up": {"uv": [0, 0, 1, 3], "rotation": 180, "texture": "#missing"},
				"down": {"uv": [5.25, 0, 6.25, 3], "texture": "#1"}
			}
		},
		{
			"from": [12, 8.5, 13],
			"to": [13, 9.5, 16],
			"faces": {
				"east": {"uv": [0, 0, 1, 3], "rotation": 270, "texture": "#missing"},
				"west": {"uv": [5, 0, 6, 3], "rotation": 90, "texture": "#1"},
				"up": {"uv": [0, 0, 1, 3], "rotation": 180, "texture": "#missing"},
				"down": {"uv": [5.25, 0, 6.25, 3], "texture": "#1"}
			}
		},
		{
			"name": "handle_top",
			"from": [5, 14.5, 16],
			"to": [11, 15, 16.5],
			"faces": {
				"north": {"uv": [0, 0, 6, 0.5], "texture": "#0"},
				"east": {"uv": [5, 14.5, 5.5, 15], "rotation": 270, "texture": "#0"},
				"south": {"uv": [5, 14.5, 11, 15], "rotation": 180, "texture": "#0"},
				"west": {"uv": [10.5, 14.5, 11, 15], "rotation": 90, "texture": "#0"},
				"up": {"uv": [5, 14.5, 11, 15], "rotation": 180, "texture": "#0"},
				"down": {"uv": [11, 14.5, 5, 15], "texture": "#0"}
			}
		},
		{
			"name": "handle_bottom",
			"from": [5, 14.5, 12.5],
			"to": [11, 15, 13],
			"faces": {
				"north": {"uv": [5, 14.5, 11, 15], "texture": "#0"},
				"east": {"uv": [5, 14.5, 5.5, 15], "rotation": 90, "texture": "#0"},
				"south": {"uv": [0, 0, 6, 0.5], "rotation": 180, "texture": "#0"},
				"west": {"uv": [10.5, 14.5, 11, 15], "rotation": 270, "texture": "#0"},
				"up": {"uv": [11, 14.5, 5, 15], "texture": "#0"},
				"down": {"uv": [5, 14.5, 11, 15], "rotation": 180, "texture": "#0"}
			}
		}
	],
	"groups": [0, 1, 2, 3, 4, 5,
		{
			"name": "sw curve",
			"children": [6, 7, 8, 9, 10, 11, 12, 13]
		},
		{
			"name": "se curve",
			"children": [14, 15, 16, 17, 18, 19, 20, 21]
		},
		{
			"name": "nw curve",
			"children": [22, 23, 24, 25, 26, 27, 28]
		},
		{
			"name": "ne curve",
			"children": [29, 30, 31, 32, 33, 34, 35]
		}, 36, 37]
}