{
	"credit": "Made with Blockbench",
	"ambientocclusion": false,
	"textures": {
		"handle": "block/black_terracotta",
		"edge": "block/oak_door_top",
		"back": "block/oak_door_top",
		"particle": "block/oak_door_top",
		"front": "block/oak_door_top-rh"
	},
	"elements": [
		{
			"from": [0, 0, 13.5],
			"to": [3, 16, 16],
			"faces": {
				"north": {"uv": [2.5, 0.25, 0.25, 16], "texture": "#edge"},
				"east": {"uv": [0, 0, 2.25, 16], "texture": "#back"},
				"south": {"uv": [0.25, 0.25, 2.5, 16], "texture": "#edge"},
				"west": {"uv": [13.5, 0, 16, 16], "texture": "#front", "cullface": "west"},
				"up": {"uv": [13.25, 0.25, 15.75, 2.75], "rotation": 90, "texture": "#edge", "cullface": "up"}
			}
		},
		{
			"from": [0, 13.5, 2.5],
			"to": [3, 16, 13.5],
			"faces": {
				"east": {"uv": [13.5, 0, 2.5, 2.5], "texture": "#back"},
				"west": {"uv": [2.75, 0, 13.25, 2.5], "texture": "#front", "cullface": "west"},
				"up": {"uv": [2.5, 0.25, 13.5, 2.5], "rotation": 90, "texture": "#edge", "cullface": "up"},
				"down": {"uv": [13.5, 0.25, 2.5, 2.5], "rotation": 90, "texture": "#edge"}
			}
		},
		{
			"from": [0, 2.5, 2.5],
			"to": [3, 4.5, 13.5],
			"faces": {
				"east": {"uv": [2.5, 11.5, 13.5, 13.5], "texture": "#back"},
				"west": {"uv": [2.75, 11.75, 13.25, 13.25], "texture": "#front"},
				"up": {"uv": [2.5, 11.5, 13.5, 13.5], "rotation": 90, "texture": "#edge"},
				"down": {"uv": [13.5, 11.5, 2.5, 13.5], "rotation": 90, "texture": "#edge"}
			}
		},
		{
			"from": [0, 0, 0],
			"to": [3, 16, 2.5],
			"faces": {
				"north": {"uv": [0.25, 0.25, 2.5, 16], "texture": "#edge"},
				"east": {"uv": [13.5, 0, 16, 16], "texture": "#back"},
				"south": {"uv": [0.25, 0.25, 2.5, 16], "texture": "#edge"},
				"west": {"uv": [0, 0, 2.25, 16], "texture": "#front"},
				"up": {"uv": [0.25, 0.25, 2.5, 2.5], "rotation": 90, "texture": "#edge"}
			}
		},
		{
			"from": [-1, 1, 1],
			"to": [4, 2, 3.5],
			"faces": {
				"north": {"uv": [5.4375, 12.25, 10.4375, 13.25], "texture": "#handle"},
				"east": {"uv": [8.125, 12.0625, 10.625, 13.0625], "texture": "#handle"},
				"south": {"uv": [5.5, 12.5, 10.5, 13.5], "texture": "#handle"},
				"west": {"uv": [12.25, 12.5, 14.25, 13.5], "texture": "#handle"},
				"up": {"uv": [5.5, 11.5, 10.5, 13.5], "texture": "#handle"},
				"down": {"uv": [5.5625, 11.5, 10.5, 13.5], "texture": "#handle"}
			}
		},
		{
			"from": [0.25, 4.5, 7.5],
			"to": [2.75, 13.5, 8.5],
			"faces": {
				"north": {"uv": [7.5, 2.5, 8.5, 11.5], "texture": "#front"},
				"east": {"uv": [7.5, 2.75, 8.5, 11.5], "texture": "#back"},
				"south": {"uv": [7.5, 2.5, 8.5, 11.5], "texture": "#front"},
				"west": {"uv": [7.5, 2.5, 8.5, 11.5], "texture": "#front"}
			}
		},
		{
			"from": [0.25, 8.5, 2.5],
			"to": [2.75, 9.5, 13.5],
			"faces": {
				"east": {"uv": [2.5, 6.5, 13.25, 7.5], "texture": "#back"},
				"west": {"uv": [2.5, 6.5, 13.5, 7.5], "texture": "#front"},
				"up": {"uv": [2.5, 6.5, 13.5, 7.5], "rotation": 90, "texture": "#front"},
				"down": {"uv": [2.5, 6.5, 13.5, 7.5], "rotation": 90, "texture": "#front"}
			}
		},
		{
			"from": [0, 0, 7.5],
			"to": [3, 2.5, 8.5],
			"faces": {
				"north": {"uv": [7.5, 13.5, 8.5, 16], "texture": "#edge"},
				"east": {"uv": [7.5, 13.5, 8.5, 16], "texture": "#back"},
				"south": {"uv": [7.5, 13.5, 8.5, 16], "texture": "#edge"},
				"west": {"uv": [7.5, 13.5, 8.5, 16], "texture": "#front"}
			}
		},
		{
			"from": [1, 0, 2.5],
			"to": [2, 2.5, 7.5],
			"faces": {
				"east": {"uv": [8.5, 13.5, 13.5, 16], "texture": "#back"},
				"west": {"uv": [2.5, 13.5, 7.5, 16], "texture": "#front"}
			}
		},
		{
			"from": [1, 0, 8.5],
			"to": [2, 2.5, 13.5],
			"faces": {
				"east": {"uv": [2.5, 13.5, 7.5, 16], "texture": "#back"},
				"west": {"uv": [8.5, 13.5, 13.5, 16], "texture": "#front"}
			}
		}
	],
	"display": {
		"thirdperson_righthand": {
			"rotation": [75, 45, 0],
			"translation": [0, 2.5, 0],
			"scale": [0.375, 0.375, 0.375]
		},
		"thirdperson_lefthand": {
			"rotation": [75, 255, 0],
			"translation": [0, 2.5, 0],
			"scale": [0.375, 0.375, 0.375]
		},
		"firstperson_righthand": {
			"rotation": [0, 45, 0],
			"translation": [0, 2.5, 0],
			"scale": [0.4, 0.4, 0.4]
		},
		"firstperson_lefthand": {
			"rotation": [0, 225, 0],
			"translation": [0, 2.5, 0],
			"scale": [0.4, 0.4, 0.4]
		},
		"ground": {
			"translation": [0, 3, 0],
			"scale": [0.25, 0.25, 0.25]
		},
		"gui": {
			"rotation": [30, 225, 0],
			"scale": [0.625, 0.625, 0.625]
		},
		"fixed": {
			"scale": [0.5, 0.5, 0.5]
		}
	}
}